2579,U32
3900,U16
4019,F32
1396,U16
3233,F32
1780,U8
6982,U8
1561,F32
464,U8
2700,U16
2890,U8
3054,U8
5608,U32
5768,F32
3165,F32
5168,A24
6232,F32
2618,U16
3367,U8
2913,U16
4923,F32
1978,U8
3178,U8
684,U16
5179,U8
4746,F32
2548,U8
2343,F32
6643,U16
5123,U8
6006,F32
5853,U16
5962,F32
925,F32
3986,F32
6371,F32
1444,U16
424,U16
3182,U8
4290,F64
6092,A14
6238,F32
5745,U8
7304,U16
5904,U16
1529,A16
2996,U8
2867,?32
6478,F32
7651,U8
953,U8
2576,U8
1313,F32
2254,U8
1140,A8
560,U8
4165,U16
6537,U16
7602,U16
338,U8
7251,U8
6349,U16
3053,F32
5589,U16
786,U8
388,U8
465,F32
1018,U8
2581,U32
3040,U8
4293,U8
5542,U8
681,U16
2322,U8
4198,U8
5629,U16
6124,U16
3137,F32
1305,F32
5626,U8
6445,U8
1032,U8
2933,U16
4512,U8
5072,U8
5116,U8
6079,U8
682,U16
2709,U16
3198,U8
4451,F32
189,F32
2285, 
7344,U16
3031,F32
7354,U8
3348,U8
7692,U16
3083,F32
795,U8
7536,U16
373,F32
512,U8
4690,F32
5796,F32
1205,U32
1125,U16
108,U8
1184,U16
1940,U8
5830,U8
5070,U8
22,U16
1555,F32
5610,U16
6058,U16
4594,U8
5141,U16
2486,U16
2884,U8
2963,A8
5650,F32
1084,U16
1368,U16
1704,U16
2516,U8
3616,U16
2605,F32
4702,U16
1248,U8
5133,U8
7606,U16
3938,U16
6367,F32
6403,U8
3312,U8
4025,F32
47,U16
709,U8
1160,U8
5153,U8
1258,U8
2498,U16
5121,U8
5932,U16
6600,U16
5163,U16
1963,F32
7645,U8
1310,U16
3944,U8
4151,U8
266,U8
5698,U16
941,U8
4127,U8
4699,F32
571,F32
3110,U8
627,U16
4718,F32
192,U8
2799,U16
6483,U8
7336,U16
7643,U8
1686,U8
7284,F32
1844,U8
1106,U8
1985,U8
1188,U8
5641,U16
4490,U8
2385,U8
5380,A16
3265,A22
5750,U32
6078,U8
933,U8
148,U8
7166,F32
5158,U16
2371,F32
428,U8
1392,U8
1211,U32
649,U16
3188,U8
4455,F32
6625,U16
475,F32
4543,U8
7725,U16
3300,U8
635,F32
979,F32
1271,U8
7185,U8
2287,U16
2634,U16
800,U8
1707,U32
2312,U8
5822,U16
4465,F32
4183,F32
4581,F32
6619,U16
7624,U8
4152,U8
1096,U8
1276,U16
3179,F32
1491,U8
4509,F32
3082,U8
4489,F32
6016,F32
523,U16
367,F32
536,U8
621,U16
623,U8
4106,U8
4575,F32
2872,U8
1026,U8
4401,F32
1352,U16
1144,U16
3203,F32
5523,U8
6131,U16
3274,U8
3394,U8
1559,F32
6018,F32
4032,U8
6404,F32
946,U8
3998,xx
6447,U8
7374,U16
624,U8
3119,F32
2596,U8
3619,U8
2005,U8
4637,U8
5331,U8
225,F32
7626,U8
680,U16
6587,U16
204,U8
4313,F32
6430,F32
1391,U8
4065,F32
5808,F32
1465,U16
316,U8
497,U16
688,U8
5546,U16
7382,U16
945,U8
5131,U8
6465,U8
4978,U8
3220,U8
997,F32
227,F32
3124,U8
725,U8
1587,F32
238,U8
7366,U8
2269,U16
951,U8
4193,U8
7367,U8
243,F32
7596,U16
920,U8
6606,U16
1622,U8
1932,U8
1909,F32
1924,U8
188,U8
370,U8
4265,U8
4503,F32
2255,F32
361,U16
5076,U8
6442,F32
2555,U8
130,U16
249,F32
6091,U8
1283,F32
545,F32
1756,U8
3042,U8
3133,F32
2844,U8
3329,U8
5600,U16
6010,F32
6583,U16
3283,U8
4611,F32
7206,F32
1637,F32
221,F32
1526,U8
2782,U8
1005,F32
4478,U16
3981,U8
7157,U8
1977,U8
5827,U32
4220,F64
5915,U16
5115,U8
2519,F32
41,U16
809,U8
1983,F32
3026,U8
5639,U32
6419,U8
2984,U16
2502,U8
3041,F32
4003,F32
4963,F32
1530,U8
3151,F32
7340,U16
1495,U8
1170,U16
707,U8
704,U8
4494,U8
98,U8
700,U8
4093,F32
4307,F32
6116,U16
6406,F32
6615,U16
502,U16
5106,U16
1503,U8
7250,F32
3016,U16
537,F32
7318,U16
1166,U16
2800,U16
4754,U8
5066,U8
2523,F32
5124,U8
128,U8
1212,U8
740,U8
2375,F32
6550,U16
6423,U8
1630,U8
1599,F32
2865,?32
7721,F32
1585,F32
3306,U8
27,U16
7584,U16
1980,U8
3275,U8
2336,U8
1652,U8
6471,U8
384,U8
6475,U8
1907,F32
4218,U8
2994,U8
5003,U16
1202,U8
1897,F32
3155,F32
2813,F32
1001,F32
3218,F32
4653,U8
7196,F32
7656,U8
4557,F32
3260,U8
7313,U16
5044,U8
5681,U8
5742,F32
5928,U16
6027,U16
4173,U8
1792,U8
3445,U8
2345,U8
4972,U8
1974,U8
3357,U8
2316,U8
6582,U16
2854,U8
228,U8
1680,U8
5172,U8
4072,U8
5819,U16
4751,U32
240,U8
158,U8
6613,U16
6263,U8
1515,U16
5451,U8
611,F32
1385,U8
7635,U8
7139,U16
3929,F32
659,U16
1906,U8
4026,U8
4989,U16
7259,U8
2541,U8
1603,F32
68,A8
3207,F32
4707,U8
661,U16
1182,U16
1861,F32
2518,U8
2561,F32
3386,U8
79,U8
2324,U8
1358,U16
3914,U8
4618,F32
4643,U8
2726,U16
2795,U16
4914,U8
5054,U16
6359,U8
2962,U16
2328,U8
6439,U8
203,F32
206,U8
622,U16
5125,U16
4419,U8
4160,U8
1800,U8
1053,F32
2830,U8
2973,U16
7676,U8
1372,U8
3272,U8
4042,U8
3991,U8
812,U8
4281,U8
4745,U8
1872,U8
1285,F32
1864,U8
2720,U16
66,U8
1675,F32
3047,F32
576,U8
836,U8
3211,F32
4099,F32
4695,U8
1178,U16
4775,U8
1418,U8
1789,U32
4028,U8
4966,U8
4138,U8
5120,U8
5527,U8
5855,U8
5957,U8
6055,U16
6358,F32
6596,U16
7272,F32
191,F32
525,U8
1891,F32
2006,U8
1088,U16
667,U16
2553,U8
2862,U8
3256,U8
4391,U16
4312,U8
329,F32
5570,F32
7722,U8
3387,F32
2943,U16
4920,U8
4388,U8
7694,U16
6025,U8
448,U8
671,U16
3103,F32
4356,U8
1314,U8
5574,U32
3285,U8
5952,U32
642,U8
2859,?32
5132,U8
5798,F32
413,F32
6561,U16
6601,U16
1971,F32
6983,U32
4421,U8
655,U16
4592,U8
1698,U8
3370,U8
4277,U8
1577,F32
2704,U16
2785,F32
5080,U8
5926,U16
7228,U16
7517,U16
1660,U8
7727,U8
2382,U8
6119,U16
2355,U8
368,U8
1279,F32
4014,U8
4116,U16
4399,F32
1323,U16
1670,U8
175,F32
2717,U16
2819,U16
4627,U8
1633,F32
1471,U16
1598,U8
3006,U16
2260,U8
7239,U8
4735,U8
2976,U16
1759,U32
2742,U16
2369,F32
3438,U8
81,U8
1359,U16
352,U16
955,U8
4414,U32
2825,U32
4528,U8
5592,U16
6512,F32
2745,U16
7237,U16
1594,U8
5621,U8
4045,F32
4628,F32
2805,U16
1220,U16
4286,F64
5732,U32
753,U16
1716,U8
3361,U8
1511,U16
4619,U8
7364,U8
4464,U8
246,U8
4551,F32
152,U8
4439,U8
1030,U8
4563,U8
5189,U8
6482,F32
793,U8
4267,U8
1550,U8
1233,F32
2977,U16
4018,U8
1886,U8
7580,U8
1954,U8
3303,U8
3917,F32
3928,U8
6107,U16
7683,U16
1677,F32
948,U16
2835,U32
60,A8
743,U8
151,F32
2810,U16
1022,U8
4744,F32
5554,U32
6459,U8
2998,U8
3132,U8
1464,U8
2946,U16
4195,F32
5640,U8
978,U8
777,U16
5436,A16
4950,U8
7305,U16
2972,U16
1867,F32
317,F32
1889,F32
5787,U8
376,U8
5187,U8
6984,U8
3356,U8
7213,U16
1120,U16
3924,U8
7181,U8
963,F32
1543,F32
1317,U16
6000,F32
1758,U8
1862,U8
2639,U16
307,U8
4360,U8
559,U8
100,U8
4678,U16
7678,U16
6272,U16
301,U8
6509,U8
4649,U8
4409,U16
2804,U16
4590,U16
4656,F32
1361,U16
2838,U8
6097,U8
1203,U32
7301,U16
542,U8
1455,F32
1987,F32
5901,U16
645,F32
1961,F32
1442,U16
4049,F32
4124,U8
3308,U8
1462,U16
2766,U16
3515,U8
798,U8
4130,U8
7222,U16
450,U8
1878,U8
4415,U8
1048,U8
1291,F32
3121,F32
2374,U8
3349,U8
1069,U16
4315,F32
573,A8
4684,F32
1578,U8
6026,U16
6205,U8
1355,U16
2891,?32
4675,U16
3336,U8
2683,U16
4054,U8
1316,U16
3620,U8
4043,F32
4772,F32
1327,U16
4053,F32
4998,F32
4258,U8
6049,U16
90,U8
1173,U16
1814,U8
3418,U8
1997,U8
5071,U32
54,U8
1300,U8
19,U16
1516,U16
690,U8
2497,U16
3919,F32
508,U8
1894,U8
1210,U8
3037,F32
4709,U8
5540,U8
5817,U8
826,U8
5515,U8
5050,U16
1806,U8
5396,A16
1811,U32
7307,U16
449,F32
3081,F32
4396,U8
5777,U8
6276,U8
1497,U8
3934,U8
504,U8
2896,U8
250,U8
1816,U8
5395,U8
7588,U16
7105,U8
1999,U8
7199,U8
2606,U8
84,U8
2329,F32
2351,U8
2966,U8
5788,F32
7178,U32
293,F32
395,F32
1126,U16
6019,U8
3409,F32
2849,?32
105,U8
6360,F32
3383,F32
2571,U8
4662,F32
1231,F32
5820,U16
6348,U16
1611,F32
6087,U16
4569,F32
6623,U16
5582,U16
3628,U8
1256,U16
3904,U8
5149,U8
6487,U8
4305,F32
5095,U32
954,U8
6118,U16
493,U32
964,U8
1751,U32
731,U8
1654,U8
4431,U8
1538,U8
598,U8
4373,F32
4552,U8
1245,U16
6985,A242
1659,F32
169,F32
696,U8
1927,U16
3940,U16
1880,U8
4231,F32
5596,U16
4605,F32
1186,U16
253,F32
3217,F32
1369,U16
918,U8
2013,F32
3958,U8
5842,U8
4933,F32
2586,U8
1499,U8
5136,U8
347,F32
1744,U8
1922,U8
6628,U16
326,U8
1802,U8
2359,U16
757,U16
1797,U32
5646,U32
1230,U8
4387,F32
2869,?32
582,U8
4941,U16
6498,F32
7628,U8
3902,U8
1454,U8
6357,U8
7345,U16
7690,U16
2964,U8
2942,U16
1750,U8
2588,U8
6053,U16
2776,U8
7735,U16
2684,U16
6468,F32
404,U8
1541,F32
3921,F32
4062,U8
4202,U16
4292,U8
1365,U16
2840,U8
4422,F32
4091,F32
4308,U8
1930,U8
4499,F32
4973,F32
5953,U8
1966,U8
5560,U32
7164,F32
7610,U16
3127,F32
2915,U16
1397,A22
2303,U32
3270,U8
6504,F32
6858,U8
7114,U16
4577,F32
2894,U8
3935,F32
650,U16
4910,U8
6337,U8
3440,U8
6526,U16
3174,U16
147,F32
3340,U8
961,U8
2665,U8
3104,U8
2855,?32
31,U16
4970,U8
99,U8
546,U8
3600,F32
648,U16
3239,F32
4580,U8
5763,U8
1347,U16
5459,U8
6544,U16
7616,U8
755,U16
1119,U16
844,U8
2484,U8
7585,U16
6214,F32
7700,U16
4214,U8
811,U8
6435,U8
4347,F32
6273,F32
4654,F32
1876,U8
1895,F32
3382,U8
5580,U16
5885,U16
7158,F32
6599,U16
4723,U8
5783,U8
4114,U8
4429,U8
4096,U8
4150,U8
5857,U8
2505,F32
6344,F32
1956,U8
2007,U8
2306,A16
592,U16
2672,U8
5651,U8
1296,U8
1315,U16
7170,U16
1662,U8
1349,U16
2781,U8
3333,U8
1158,U16
4320,U8
6429,U8
6216,F32
5836,U8
1799,F32
3305,U8
2543,U8
2641,U16
3500,U8
4497,F32
2305,U16
5051,U16
1636,U8
6588,U16
4698,U8
1034,U16
2341,F32
787,U8
2612,U8
1021,F32
1224,U8
4942,U16
6259,U8
2725,U16
7236,U16
1076,U8
1547,F32
1341,U16
1518,U16
426,U8
4686,F32
4326,U8
5118,U8
6566,U16
4243,F32
1946,U8
2905,?32
7695,U16
3060,U8
4253,U8
4659,U16
6456,F32
1332,U16
150,U8
3389,F32
6199,U8
957,U8
3956,U8
3122,U8
3145,F32
714,U8
2756,U16
7385,U16
7733,U16
1524,U8
6467,U8
4015,F32
1265,A22
1705,U16
5887,U8
1661,F32
2716,U16
6496,F32
6546,U16
2974,U16
6434,F32
686,U16
1196,U8
196,U8
2952,U8
3213,F32
83,U8
5060,U16
121,U16
5603,U16
5724,A16
1008,U8
7135,U16
164,U8
2614,U8
6222,F32
7744,U32
6052,U16
4644,F32
6037,U16
6266,U8
3001,U16
7107,U32
4687,U8
4625,U8
7184,F32
6102,U8
5085,U16
6592,U16
4971,F32
5879,U32
483,U32
5578,U16
4676,F32
7646,U8
1204,U8
2816,U8
3036,U8
4724,F32
1709,U32
5091,U16
3516,U8
5599,U16
1303,F32
5013,U8
748,U8
1874,U16
5852,U16
287,F32
135,U16
4670,F32
5823,U32
557,A12
6639,U16
685,U16
2947,U16
7338,U16
5978,F32
7270,F32
2526,U16
7644,U8
6105,U8
140,U16
455,F32
2000,F32
2817,U32
186,U8
4273,U16
2883,?32
824,U8
6506,F32
1565,F32
5778,U8
4934,U8
3406,U8
5558,U32
241,F32
7617,U8
6409,U8
3268,U8
7473,A14
6411,U8
4638,F32
366,U16
6432,F32
1665,F32
2771,A12
7235,U16
986,U8
5355,U8
4113,F32
398,U8
5685,U8
5138,U16
5809,U8
1297,F32
1010,U8
2912,U16
7442,U16
1133,U16
3277,U8
2485,U16
5774,F32
821,U8
6047,U16
1097,F32
7599,U16
692,U8
1424,U8
1309,U16
4960,U8
1354,U16
364,U16
3439,U16
5734,F32
6618,U16
7187,U8
4630,F32
4565,F32
459,F32
4652,F32
5773,U8
5959,U8
971,F32
3632,U8
284,U8
4023,F32
4779,U8
3118,U8
3262,U8
735,U8
4437,U16
1498,U8
3089,F32
1431,U8
4734,F32
5174,U8
3221,A16
5740,F32
5746,F32
6247,U8
1896,U8
6275,F32
6609,U16
5884,U8
2692,U16
1706,U16
3416,U8
2256,U8
4263,A16
988,U8
3936,U8
3010,U16
5841,U8
473,F32
6373,F32
6477,U8
1438,U16
5889,U8
5079,U32
113,U8
4333,U8
7320,U8
1558,U8
977,F32
2694,U16
2733,U16
4788,U8
5656,U8
5882,U8
7186,F32
5139,U16
636,U8
446,U8
318,U8
1749,U32
926,U8
2932,U16
7384,U16
6215,U8
7657,U8
153,F32
1348,U16
1055,U32
277,F32
7194,U8
2372,U8
5999,U8
998,U8
5169,U8
45,U16
1105,F32
4663,U8
6254,F32
1107,U16
4016,U8
4486,U8
5848,U8
6524,U16
3926,U8
2679,U16
3071,F32
7296,A8
7693,U16
1209,U32
467,F32
938,U8
3085,F32
5332,A16
3607,U16
3317,U8
4071,F32
799,U8
2270,U32
7314,U16
5694,U8
6040,U16
4092,U8
4425,U8
1011,U8
2850,U8
7311,U16
3435,F32
4046,U8
3245,U8
4191,A8
3120,U8
4795,U8
567,U8
1414,U8
2291,U16
2595,U8
555,F32
371,F32
1036,U8
1673,F32
1268,U8
3231,F32
3344,U8
6265,F32
7666,U8
7121,U16
1860,U8
3025,F32
4392,U16
7712,U8
349,F32
4029,F32
1522,U8
4756,U8
5152,U8
949,U16
2701,U16
2490,U16
4790,U8
1601,F32
1017,F32
7229,U16
6113,U16
65,U8
1402,U8
4623,U16
1989,U16
4142,U8
2356,U8
4516,U16
2594,U8
4587,F32
4922,U8
6580,U16
4515,U16
1710,U8
5861,U8
1608,U8
1737,U32
3293,U8
3636,U8
1605,F32
4505,F32
990,U8
2537,U8
2647,U16
3212,U8
4518,U8
5903,U16
7383,U16
2675,U16
6457,U8
7212,U16
481,U32
2802,U16
4651,U8
3084,U8
6589,U16
1668,U8
295,U16
1193,F32
653,F32
3314,U8
590,U8
5991,U8
2637,U16
6557,U16
1229,U16
4342,U8
2723,U16
4800,U32
2906,U8
1712,U8
5452,A16
4564,U16
302,U16
1502,U8
614,U8
1685,F32
2856,U8
4616,F32
57,U8
242,U8
1461,U16
4337,F32
5128,U8
1056,U8
1671,F32
4736,F32
5666,U8
1338,U16
4237,F32
4672,U16
5348,A16
1851,F32
3204,U8
6480,F32
3420,U8
149,F32
547,F32
613,F32
1234,U8
2622,U16
3157,F32
5872,U16
6598,U16
1581,F32
333,F32
1087,U16
4088,U8
1747,U32
4162,U8
6617,U16
2714,U16
6640,U16
775,U16
1115,U16
6400,U16
488,U8
1612,U8
5492,A16
6572,U16
6279,U8
1690,U8
7215,U16
2337,F32
1062,U8
2503,F32
1579,F32
1703,U16
4759,F32
6046,U16
519,F32
7641,U8
549,F32
1399,U8
1141,U8
6433,U8
3541,U8
1222,U16
7699,U16
48,U32
5587,U16
5997,U8
7335,U16
2791,U8
375,F32
443,F32
3638,U16
4928,U8
1640,U8
4976,U8
3978,F32
4055,F32
2731,U16
5840,U8
4648,F32
6239,U8
3980,F32
5675,U8
7706,U16
182,U8
2615,U16
1856,U8
776,U16
3950,U8
1726,U8
4126,U8
1965,F32
4442,F32
4696,U16
5491,U8
5831,U8
85,U8
4602,U8
4201,U16
4010,U8
4758,U8
4559,F32
3242,U8
3279,U8
5892,F32
6020,F32
3252,U8
7691,U16
7299,U8
1172,U16
6560,U16
11,U16
1293,F32
3247,U8
4967,F32
5674,U8
6095,U8
6103,U8
5090,U16
651,U16
1621,F32
4351,F32
4403,F32
350,U8
797,U8
4668,F32
4658,U16
4555,F32
6573,U16
6585,U16
7278,F32
7436,U16
754,U16
4357,F32
171,F32
2736,U16
340,U8
49,U8
568,U8
626,U16
1118,U16
199,F32
1371,A22
2848,U8
2860,U8
1207,U32
3013,U16
3109,F32
1949,F32
3227,F32
3086,U8
3292,U8
3937,U16
3393,U32
4491,F32
3599,U8
4576,U8
637,F32
5609,U8
2281,U8
1521,A16
6246,F32
7586,U16
1387,U8
1072,U8
3338,U8
1537,F32
2981,U16
4912,U8
414,U8
5791,U8
5086,U16
325,F32
2690,U16
356,U8
7698,U16
4117,U16
2940,U16
1085,U16
2982,U8
1177,U16
7362,U8
2794,U8
174,U8
1195,F32
7737,U32
2951,U8
166,U8
5963,U8
3362,U8
5535,U8
6486,F32
28,U16
4070,U8
2826,U8
1388,U8
1852,U8
4487,F32
993,F32
5552,U32
6048,U16
4949,F32
2958,U8
4771,U16
5516,A16
665,U16
3290,U8
7117,U16
5117,A16
5833,U8
805,U8
3228,U8
74,U8
3291,U8
5500,A16
223,F32
5813,U8
6227,U8
3061,F32
5711,U8
4932,U8
1235,F32
6031,U16
2677,U16
159,F32
1421,U16
4797,U8
2545,A32
1884,U8
2623,U16
530,U8
6245,U8
1146,U16
219,F32
7582,U16
1505,U16
7621,U8
4316,U8
7403,A32
3301,U8
1996,U8
2569,U8
5524,U8
6621,U16
3149,F32
1571,F32
820,U8
1101,F32
420,U16
551,F32
1232,U8
1539,F32
3996,F32
7743,U16
1346,U8
3276,A22
210,U8
3907,F32
703,U8
3943,F32
5949,U8
2823,F32
3608,U16
2931,U16
7316,U16
209,F32
4633,U8
4348,U8
5088,U16
4571,F32
2483,F32
142,U8
1540,U8
3209,F32
5868,U16
7122,U16
1917,F32
4288,U8
7303,U16
695,U8
4737,U8
4143,F32
1604,U8
1501,U8
4808,F32
6354,F32
5507,U8
1762,U8
4378,U8
7126,U16
1931,F32
1509,U16
2769,U16
5752,A16
387,F32
6061,U16
2263,F32
3123,F32
4765,F32
6535,U16
7207,U8
13,U16
1453,F32
3226,U8
4432,F32
4666,F32
7590,U16
1401,U8
4748,U16
1238,U16
3335,U8
3368,U8
608,U8
6428,F32
6644,U16
750,U8
501,U16
3058,U8
5931,U16
1380,U8
1950,U8
3328,U8
468,U8
2788,U16
2807,U16
1683,F32
1091,U16
1586,U8
3019,U16
3021,F32
3261,U8
2347,U8
5664,U16
6335,U8
1960,U8
1617,F32
1500,U8
767,U16
4381,U16
5784,F32
924,U8
7267,U8
1360,U16
4200,F64
742,U8
819,U8
1150,U16
1795,U32
7265,U8
4738,F32
5986,F32
539,F32
566,U8
7283,U8
1362,U16
4296,F32
4063,U8
5966,F32
1131,U16
67,U8
1183,U16
4213,F32
544,U8
1535,U8
1838,U8
1589,F32
4661,U8
4579,F32
2642,U16
5476,A16
726,U8
802,U8
5909,U16
1933,F32
2939,U16
2008,F32
2812,U8
5801,U8
4135,F32
5918,U16
3378,U8
4189,U8
1892,U8
2934,U16
2313,U8
3234,U8
4105,F32
2536,U8
4187,A8
1786,U8
4682,F32
5404,A16
411,F32
5878,U16
1403,U8
4147,F32
670,U16
1228,U8
289,F32
2909,U16
3625,U8
4361,F32
4729,U8
4926,U8
3920,U8
1732,U8
5150,U8
2354,U8
5881,F32
5356,A16
834,U8
3609,U16
5130,U8
6476,F32
1351,U16
7160,F32
1181,U16
3092,U8
6495,U8
4986,U8
2796,U8
9,U16
5627,U8
1319,U16
6017,U8
968,U8
7306,U16
5713,U8
6574,U16
4642,F32
4524,U16
5499,U8
5662,U8
4639,U8
1007,F32
4225,F32
1009,F32
6631,U16
7285,U8
7361,A16
4036,U8
5719,U8
720,U8
5818,U16
1805,U32
5981,U8
2514,U8
974,U8
4908,U8
5859,U8
1512,U16
4352,U8
6237,U8
1634,U8
987,F32
574,U8
1449,F32
6098,U8
2504,U8
4448,F32
4755,U32
7149,U16
4188,U8
1326,U16
7685,U16
807,U8
5771,U8
1117,U16
3374,U8
270,U8
5065,U32
5951,U8
5993,U8
1434,U16
6108,U16
7647,U8
1312,U8
1375,U8
1278,U8
5684,U8
5707,U8
3381,F32
6505,U8
6516,F32
4164,U16
6469,U8
3191,F32
2301,U32
2496,U16
1532,U8
2845,?32
4907,F32
1266,U8
42,U16
5403,U8
1408,U16
7718,U16
4947,F32
1063,F32
1647,F32
4530,U8
4330,U8
4916,U8
5795,U8
3130,U8
6530,U16
3167,U16
1692,U16
2521,F32
1893,F32
114,U8
305,F64
5616,U8
2970,U8
1123,U16
6549,U16
472,U8
1588,U8
4260,F64
4667,U8
6336,F32
6407,U8
4997,U16
5096,U8
7252,F64
5661,U8
7728,F32
7634,U8
1708,U8
3347,U8
6088,U32
1873,U16
1902,U8
736,U8
783,U8
3029,F32
3384,U8
5063,U32
6094,U8
2747,U16
7684,U16
7687,U16
4118,U16
4498,U8
1935,F32
806,U8
2832,U16
3017,U16
7633,U8
1531,U8
1257,F32
2522,U8
966,U8
2886,U8
5105,U16
778,U16
5645,U8
6022,F32
7195,U16
2500,U8
5183,U8
1247,U32
6082,U16
7223,U16
7234,U16
7640,U8
3048,U8
5049,U16
7302,U16
1951,F32
4109,F32
606,U8
1255,U16
2729,U16
4996,U8
801,U8
5786,F32
7677,U16
7720,U8
2538,U8
5624,U8
5812,F32
4295,U8
70,U8
2843,?32
5173,U8
6519,U8
927,F32
2818,U8
1815,U32
782,U16
2585,U8
6110,U8
3067,F32
733,U8
841,U8
4379,F32
4542,F32
5002,U16
7435,U16
1871,F32
7609,U16
4646,U16
6242,F32
5068,U8
4801,U8
1681,F32
264,U8
3373,U8
1736,U8
4171,U8
7649,U8
7535,U16
694,U8
7120,U16
7438,U16
4098,U8
4074,U8
1435,U16
6370,U8
263,F32
1153,U16
7201,U8
1122,U16
1252,U16
1439,U32
4363,F32
4931,F32
2352,U8
97,U8
1982,U8
3033,F32
4424,F32
4902,U8
5577,U16
213,F32
5551,U8
4787,F32
4097,F32
7480,A20
5443,U8
120,U16
3366,U8
1663,F32
4121,F32
4384,U8
5012,U8
4968,U8
1199,U16
2304,U8
258,U8
2789,A8
3388,U8
6443,U8
1197,U16
1441,U16
1691,U16
4777,U8
6120,U16
5710,F32
773,U16
930,U16
2320,U8
103,U8
363,U16
1718,U16
2711,U16
1544,U8
7594,U16
5894,U8
88,A16
2635,U16
2293,U16
2575,U8
2610,U8
2827,U32
593,U32
29,U16
912,U16
3003,U16
1420,U8
1208,U8
2895,?32
3499,U8
4306,U8
5618,U8
308,U8
940,U8
6024,F32
6077,U16
5364,A16
6270,F32
7331,U16
1311,F32
5176,U8
4703,U16
4716,F32
7445,U16
432,U8
6197,U8
1597,F32
4728,F32
3066,U8
6030,U16
7183,U8
1367,U16
1095,F32
2275,U16
2681,U16
208,U8
124,U16
3364,A22
5611,U16
7734,U16
511,F32
1330,U16
6225,U8
3243,A22
5923,U32
2282,U8
3020,U16
701,U8
4236,F64
7380,U16
3027,F32
616,U16
693,U8
1929,F32
5075,U32
999,U16
2661,U16
4089,F32
207,F32
3331,A22
5625,U8
4794,U8
5531,U8
3605,F32
2983,U8
3602,U16
3177,F32
1642,U8
1666,U8
3427,F32
1774,U8
91,U8
3183,F32
3932,U8
4389,F32
4264,F64
4368,U8
2525,U16
160,U8
435,F32
2512,U8
1413,U8
3088,U8
1823,U32
4215,F32
4510,U8
4961,U16
5749,U8
5751,U8
7214,U16
7136,U8
3997,U8
4767,F64
6042,U16
4773,U8
5572,F32
5863,U16
38,U16
4159,F32
591,F32
1398,U8
324,U8
3414,U8
1645,F32
7387,A32
6381,F32
3298,A22
4588,U8
5748,F32
7118,U16
6446,F32
553,F32
1157,U16
1753,U32
5922,U16
3939,U16
3976,F32
3193,F32
5171,U8
2719,U16
4242,U8
1287,F32
391,U16
2334,U8
4158,U8
476,U8
1554,U8
2760,U16
6203,U8
471,F32
2746,U16
4418,F32
6472,F32
129,U16
602,U8
739,U8
1919,F32
4340,U8
275,F32
6240,F32
506,U8
1246,U16
668,U16
1052,U16
4081,F32
3419,F32
3063,F32
1697,F32
1340,U16
947,U16
3044,U8
1004,U8
6485,U8
5914,U16
6493,U8
4180,U8
7216,U16
5483,U8
1081,F32
7423,A18
3154,U8
4168,F32
5987,U8
5655,U8
1827,U32
919,F32
3436,U8
7636,U8
7716,U16
5104,U8
4104,U8
2687,U16
2302,U8
4743,U8
3429,F32
4789,F32
4692,F32
7191,U8
8,U16
1904,U8
604,U8
2978,U16
2772,U8
3100,U16
2560,U8
4371,F32
5045,U16
5160,F32
110,U8
4359,F32
5113,U8
319,F32
839,U8
5743,U8
4958,U8
1145,U16
4329,F32
7153,U8
5769,U8
1165,U16
4799,U8
7208,U16
6233,U8
3216,U8
490,U8
1335,U16
3992,F32
5484,A16
4085,F32
2925,U16
5920,U16
4090,U8
4083,F32
4674,U16
2948,U16
3138,U8
962,U8
1407,U8
5780,U32
5913,U16
3236,U8
2617,U16
3355,U8
2722,U16
3327,U8
584,U8
93,U8
3219,F32
2002,U8
1714,U8
4184,U8
4321,F32
1968,U8
4526,U8
7219,U16
4742,F32
952,U8
1006,U8
6547,U16
5968,F32
2659,F32
5657,U8
2768,U16
5643,U16
7661,U8
3153,F32
1584,U8
1921,F32
2481,F32
5178,U8
5612,F32
4589,U16
232,U8
5994,F32
7264,F32
2858,U8
1049,F32
1015,U8
2924,U16
3612,U16
4714,U16
4807,U16
162,U8
2508,U8
4172,F32
4955,F32
3424,U8
6479,U8
6624,U16
1155,U16
2495,U16
7138,U16
4440,F32
7622,U8
4066,U8
6626,U16
112,U8
6023,U8
4446,F32
3087,F32
1767,U32
72,A16
299,U8
332,U8
422,U16
1560,U8
615,U16
2645,U16
5800,F32
2267,U32
1082,U8
3380,U8
6602,U16
2875,?32
759,U16
5585,U8
4289,U8
1720,U16
3253,F32
4603,F32
5670,U32
7176,U16
482,U8
6365,F32
6080,U8
1112,U8
2986,U16
1336,U16
5983,U8
2688,U16
1655,F32
1711,U32
138,U16
1504,U8
3951,F32
4761,F32
1843,F32
5845,U8
6128,U16
117,U8
1916,U8
6410,F32
7637,U8
1373,U8
1576,U8
1689,F32
2602,U16
747,U8
1519,U16
2740,U16
2779,U8
3979,U8
5010,U16
5004,U16
2922,U16
4241,F32
230,U8
262,U8
447,F32
1678,U8
104,A32
3112,U8
3148,U8
1911,F32
3186,U8
4020,U8
6228,F32
7254,U8
1990,F32
1002,U8
1627,F32
1883,F32
5723,U8
6012,F32
5099,U8
6450,F32
2358,U16
3952,U8
2529,A32
4463,F32
1292,U8
2752,U16
4328,U8
3401,F32
5927,U16
5858,U8
6269,U16
7738,U8
760,U16
751,U16
1412,U8
494,U8
1552,U8
4406,U16
4608,U8
5870,U16
7173,U16
62,U8
772,U16
5935,U16
4545,U8
1192,U8
3603,F32
1801,U32
4255,A16
5958,F32
3396,U8
7653,U8
818,U8
2959,U8
2492,U16
3407,F32
4918,U8
5155,U8
5556,U32
7192,F32
7605,U16
7729,U8
939,U8
1810,U8
2721,U16
3004,U16
4178,U8
605,F32
6431,U8
7255,U8
1419,U8
2261,F32
3539,U8
1308,U8
273,F32
1343,U16
1432,U8
5047,U16
6258,F32
803,U8
1043,F32
1556,U8
914,U8
4621,U8
7261,U8
397,F32
3443,F32
63,U8
4408,U16
1775,U32
1406,U8
600,U8
271,F32
2271, 
1991,U8
2748,U16
1998,F32
2847,?32
3062,U8
3181,F32
2979,U16
4480,U16
1739,U32
1564,U8
4719,U8
7161,U8
538,U8
7238,U32
3263,F32
1214,U8
1944,U8
3045,F32
2834,U16
1102,U8
3313,U8
4624,F32
2501,F32
1460,U8
5098,U16
5460,A16
5543,U16
5936,U16
2724,U16
300,U8
1812,U8
1216,U16
4030,U8
4240,F64
1046,U8
6015,U8
6356,F32
3229,F32
3397,U16
5919,U16
425,A16
127,U32
6001,U8
6043,U16
7282,F32
3923,F32
6101,U8
3304,U8
1994,F32
6377,F32
984,U8
1322,U16
4285,U8
6451,U8
1514,U16
1777,U32
4753,U32
6551,U16
2332,U8
7355,U8
4757,F32
4435,U8
5550,U32
691,U8
12,U16
1551,F32
2278,U8
2311,U8
2482,U8
290,U8
969,F32
1071,F32
4520,U8
6399,U8
6064,U16
125,U16
7309,U16
5526,U8
5715,U8
2367,F32
2903,?32
3343,U8
5135,U8
6253,U8
5061,U32
2784,U8
1602,U8
7221,U16
2368,U8
7233,U16
3075,F32
7360,U8
2759,U16
515,F32
2923,U16
6035,U16
4612,U8
2811,F32
629,F32
6343,U8
4082,U8
5633,U16
612,U8
1908,U8
5673,U8
2929,U16
3139,F32
2965,U8
1275,U8
393,F32
2919,U16
4175,F32
7315,U16
1947,F32
3906,U8
211,F32
4964,U8
2763,U16
3069,F32
3392,U8
4539,U8
1089,U16
2914,U16
5759,U8
6038,U16
771,U16
1735,U32
7220,U16
4033,F32
3371,U8
469,F32
1914,U8
4181,F32
7639,U8
2873,?32
7719,F32
1839,F32
2765,U16
4475,U8
3927,F32
6401,U16
687,U8
385,F32
3953,F32
5001,U16
5891,U8
2309,U8
3441,F32
3999,U8
4778,F32
214,U8
1765,U32
4008,U8
514,U8
1819,U32
383,F32
840,U8
1057,F32
2268,U8
3116,U8
1470,U16
2277,A16
1425,U8
256,U8
4752,U8
1868,U8
4609,F32
4944,U8
4274,F64
1422,U16
1754,U8
4694,F32
274,U8
170,U8
1163,U16
3359,U8
64,A8
5092,U16
5595,U16
217,F32
981,F32
5119,U8
24,U16
4038,U8
734,U8
5617,U8
5934,U16
6567,U16
2003,U8
3214,U8
7371,U16
457,F32
610,U16
848,U8
664,U16
245,F32
1728,U8
1866,U8
2568,U8
1083,U16
3076,U8
3604,U8
4445,U8
46,U16
4556,U8
3163,F32
5614,U16
570,U16
7440,U16
5691,U8
1803,U32
4685,U8
2346,U8
712,U8
222,U8
1446,U16
2378,U8
2619,U16
378,U8
1981,U8
2682,U16
5545,U8
7604,U16
1240,U16
2917,U16
4057,F32
163,F32
2685,U16
3354,U8
7670,U8
2321,U8
1545,F32
2953,U8
313,U16
4216,F64
2527,F32
4720,F32
5067,U32
6511,U8
4975,F32
2734,U16
119,U8
1061,F32
1393,U8
7627,U8
80,A16
1227,F32
6008,F32
1858,U8
6069,U16
1459,F32
6241,U8
423,U16
7177,U16
603,F32
406,U8
25,U16
3949,F32
55,U8
4810,U8
2836,U8
3199,A16
4413,U8
4433,U8
5647,U8
7127,U16
2290,U16
6067,U16
7200,U32
7249,U8
7260,F32
126,U16
1290,U8
769,U16
3319,U8
2266,U8
2574,U8
746,U8
5316,A16
3126,U8
6234,F32
1964,U8
257,F32
15,U16
510,U8
3633,F32
215,F32
3341,U8
4035,F32
2753,U16
3232,A16
5637,U8
6597,U16
1273,U8
3273,U8
1376,U8
4244,F64
845,U8
4100,U8
4457,F32
2710,U16
7172,U16
2678,U16
7240,U16
6466,F32
7319,U16
409,F32
2775,U8
7150,U16
6106,U16
2950,A12
1695,F32
1743,U32
4170,F32
2780,U8
4546,F32
5186,U8
833,U8
5975,U8
1138,U16
3008,U16
564,U16
513,F32
4044,U8
1869,U32
5856,U8
543,F32
1121,U16
2276,U16
2283,U8
4309,U8
5087,U16
5974,F32
4075,U16
6073,U16
1494,U8
6385,F32
1104,U8
460,U8
561,U8
2604,U16
286,U8
1734,U8
2288,U16
1741,U32
2846,U8
1242,U8
2699,U16
2863,?32
579,F32
1127,U16
1910,U8
1523,U8
2874,U8
3147,F32
1325,U16
4427,U8
4803,U16
4929,F32
5571,U8
5766,F32
4262,U8
5807,U8
4365,F32
5811,U8
6004,F32
3974,F32
6346,F32
6353,U8
6630,U16
7112,U8
7595,U16
7615,U8
343,F32
4531,F32
146,U8
344,U8
1825,U32
2821,U32
6534,U16
322,U8
173,F32
1342,U16
1236,U8
7379,U16
3194,U8
2897,?32
4297,U8
3402,U8
6402,F32
6361,U8
1776,U8
3431,F32
1693,U16
4802,U16
190,U8
4762,U8
2383,F32
392,U16
713,U8
1386,U8
4548,F32
331,F32
5154,U8
7224,U16
1094,U16
1103,F32
2012,U8
3966,U16
3284,U8
4573,F32
6564,U16
7205,U8
7373,U16
3185,F32
5188,U8
2601,U16
2762,U16
6362,F32
3972,F32
6011,U8
601,F32
6129,U16
6204,F32
7620,U8
1676,U8
3369,U8
4247,A16
369,F32
3057,F32
1473,U16
3065,F32
4111,F32
3051,F32
3146,U8
2680,U16
1176,U16
2362,U8
3055,F32
7277,U8
2567,U8
7608,U16
380,U8
3056,U8
666,U16
3299,U8
4076,U16
7731,U8
2783,F32
4382,U8
5829,ASCII
558,U8
4108,U8
2532,U8
6074,U16
4148,U8
4154,U16
4314,U8
4031,F32
7723,F32
2488,U16
4927,F32
59,U8
535,F32
1142,U8
3617,U16
4246,U8
7619,U8
745,U8
1000,U16
4115,U16
643,F32
7333,U16
4740,F32
3629,F32
673,U16
2778,U8
2870,U8
4211,F32
6595,U16
1900,U8
2600,U16
1813,U32
4009,F32
4375,U32
6198,A4
2777,A12
1513,U16
5567,U8
663,U16
1108,U16
445,F32
7189,U8
4645,U8
7245,U16
1778,U8
632,U8
669,U16
489,U32
1623,F32
6461,U8
1294,U8
1784,U8
1785,U32
2609,U8
4278,F64
5103,U8
7618,U8
7650,U8
4270,U8
7672,U8
4673,U16
3294,U8
4205,U16
7376,U16
6581,U16
6123,U16
5938,U8
1936,U8
1993,U8
7334,U16
6339,U8
4782,F32
479,U32
817,U8
1148,U16
4634,F32
4481,F32
2712,U16
5955,U8
441,F32
4022,U16
4607,F32
2831,U16
3390,U8
5714,F32
1261,F32
6059,U16
4319,F32
4791,F32
3187,F32
2770,U16
1507,U16
2280,U8
4479,U16
4434,F32
4981,F32
4529,F32
2506,U8
2489,U16
4192,U8
2697,U16
3297,U8
5622,U8
5107,U16
5846,U8
2673,F32
328,U8
1272,U8
1766,U8
4397,F32
2824,U8
4395,U32
282,U8
4145,F32
7434,U16
1616,U8
1156,U16
410,U8
1171,U16
1059,U8
4349,F32
4730,F32
6568,U16
3235,F32
1836,U8
5893,U8
4034,U8
5906,U16
1992,F32
1039,F32
3964,U8
5826,U16
1093,U16
7679,U16
6054,U16
4613,F32
7703,U16
2014,U8
550,U8
1879,F32
5101,U16
5388,A16
4394,U8
5990,F32
5615,U32
5097,U16
5634,U32
719,U8
4901,F32
3170,U8
5995,U8
454,U8
3005,U16
3339,U8
683,U16
3097,U8
4222,U8
5679,U8
7312,U16
7681,U16
923,F32
294,U8
95,U8
1768,U8
51,U16
7386,U16
2715,U16
3933,F32
6126,U16
6277,F32
6522,U16
3428,U8
1164,U16
1478,U16
2364,U8
1648,U8
5782,F32
7197,U8
4050,U8
1628,U8
3289,U8
7225,U16
3957,F32
1417,U8
2621,U16
4197,F32
4364,U8
4683,U8
5078,U8
7680,U16
6634,U16
5683,U8
5059,U16
5046,U16
647,U16
1546,U8
58,U8
1250,U8
4208,F64
4502,U8
6,U16
7148,U16
43,U16
5583,U16
7271,U8
6473,U8
5794,F32
5184,U8
5525,U8
1713,U32
6379,F32
4979,F32
3984,F32
1566,U8
396,U8
6127,U16
1943,F32
5969,U8
5435,U8
1363,U16
4366,U8
172,U8
1047,U16
4346,U8
6460,F32
814,U8
1740,U8
3903,F32
4452,U8
541,F32
3947,F32
5148,U8
996,U8
7717,U16
1845,U32
3422,U8
5717,U8
5849,F32
4693,U8
2738,U16
674,U16
7581,U16
2997,F32
1253,U16
351,U16
496,U8
1379,U8
4952,U8
6267,F32
7709,F32
4677,U8
1426,U8
30,U16
677,U16
4134,U8
934,U8
2539,U8
1356,U16
5772,F32
458,U8
2916,U16
4900,U16
5912,U16
6541,U16
727,U8
3945,F32
2591,U8
2584,A25
7351,A16
4680,U8
2969,U8
7353,U8
6441,U8
357,F32
1429,U8
565,U8
6224,F32
2941,U16
2515,F32
6274,U8
3080,U8
4153,U16
5744,F32
312,U8
3050,U8
768,U16
1267,U8
2820,U16
139,U16
3034,U8
6527,U16
6645,U16
4426,F32
4532,U8
2658,U8
5607,U16
7598,U16
1299,F32
5687,U8
1506,U16
678,U16
1070,U16
1114,U16
3150,U8
5917,U16
418,U8
4798,F32
1664,U8
3172,U16
7129,U16
2806,U16
1745,U32
1436,U16
259,F32
1116,U16
4206,U8
4697,F32
6002,F32
2627,U16
1609,F32
3156,U8
2980,U16
6029,U16
6440,F32
6614,U16
3135,F32
4234,U8
7125,U16
7689,U16
394,U8
3400,U8
5601,U16
6249,U8
4541,U8
2360,U16
3079,F32
1769,U8
4141,F32
5109,A16
1262,U8
5573,U8
2882,U8
3035,F32
5604,U16
4600,U8
3175,F32
1569,F32
1168,U16
3425,F32
4583,F32
6638,U16
1012,U8
2258,U8
122,U24
2284,U8
5898,U8
1875,A8
5785,U8
837,U8
491,U32
1580,U8
1377,U8
721,U8
1885,F32
304,U8
484,U8
5989,U8
5062,U8
5706,F32
6111,U16
1135,U16
4521,U16
1629,F32
4040,U8
1223,F32
6489,U8
5916,U16
505,F32
5821,U16
7420,U16
342,U8
5636,U32
179,F32
5671,U8
3269,U8
1260,U8
1065,F32
7560,U16
1329,U16
155,F32
205,F32
2279,U8
5672,U8
6021,U8
2706,U16
359,F32
4488,U8
7369,U8
2993,F32
813,U8
4061,F32
3176,U8
377,F32
4749,F32
633,F32
4731,U8
5530,U8
6470,F32
7668,U8
585,F32
2793,F32
4190,U8
4209,F32
4991,U16
4578,U8
4323,U8
2317,U8
6063,U16
5561,U8
6132,U16
7673,U8
6577,U16
6252,F32
4461,F32
4945,F32
710,U8
3916,U8
1574,U8
4013,F32
5832,U8
6571,U16
922,U8
5170,U8
23,U16
6243,U8
3160,U8
3326,U8
2901,?32
2001,U8
4219,F32
5562,U32
4953,F32
5536,U8
2888,U8
1957,F32
983,F32
5702,F32
6501,U8
6632,U16
6244,F32
3365,U8
3909,F32
3954,U8
5722,U32
7165,U8
6372,U8
5806,F32
2755,U16
6492,F32
7248,F32
1050,U8
462,U8
167,F32
569,U16
1198,U16
1254,U16
1344,U16
985,F32
2551,U8
2887,?32
3959,F32
4453,F32
6013,U8
2728,U16
3379,F32
6210,F32
2533,U8
7342,U16
2587,U8
7654,U8
7674,U8
442,U8
5965,U8
7625,U8
1557,F32
3415,F32
1915,F32
3114,U8
5579,U16
7352,U8
7274,F32
4140,U8
4383,F32
421,U16
6604,U16
456,U8
3968,U16
7300,U16
3162,U8
4322,U8
5804,F32
790,U8
1042,U8
4561,F32
4930,U8
5340,A16
6271,U8
1733,U32
176,U8
1646,U8
3106,U8
26,U16
4574,U8
4689,U8
5907,U16
5992,F32
4906,U8
6453,U8
7437,U16
1840,U8
697,U8
101,U8
1679,F32
2764,U16
2999,U8
7705,U16
2510,U8
20,U16
2928,U16
762,U16
3342,A22
2015,U8
4087,F32
3222,U8
4640,F32
2344,U8
1748,U8
5468,A16
4965,F32
5971,U8
689,U8
6257,U8
4806,U16
7591,U16
1226,U8
3282,U8
5980,F32
5737,U8
761,U16
1,U16
1939,F32
1040,U8
5921,U16
3171,U16
2880,U8
4261,U8
4398,U8
4462,U8
2570,U8
5069,U32
6072,U16
631,F32
5705,U8
7276,F32
5696,U8
3977,U8
4428,F32
609,U16
5835,U8
7375,U16
7736,U16
7188,F32
3206,U8
269,F32
5008,U16
408,U8
7688,U16
7682,U16
698,U8
6100,U8
5420,A16
956,U8
478,U8
1618,U8
2767,U16
4460,U8
749,U8
1973,F32
3240,F32
3131,F32
4441,U8
1302,U8
4597,F32
6533,U16
4223,F32
5977,U8
4708,F32
7444,U16
3961,F32
7711,F32
96,A16
3323,U8
4103,F32
758,U16
1366,U16
1613,F32
676,U16
3925,F32
4969,F32
6223,U8
654,U8
4617,U8
3618,U16
4568,U8
4268,F64
1771,U8
7140,F32
291,F32
2629,U16
5315,U8
2616,U16
3404,U8
587,F32
5834,U8
2944,U16
5908,U16
1738,U8
5307,U8
5528,U8
928,U8
5648,U8
2902,U8
6494,F32
1416,U8
1606,U8
5363,U8
7583,U16
195,F32
6350,F32
2546,U8
4585,F32
5775,U8
6364,U16
980,U8
132,U16
1854,U8
5837,U8
3941,F32
6622,U16
7204,F32
3180,U8
6539,U16
1075,F32
3009,U16
5164,U16
2937,U16
7612,U16
1536,U8
959,U8
524,U16
4182,U8
2957,U8
5866,U16
1090,U16
4011,F32
1725,U32
4317,F32
6206,F32
1154,U16
6005,U8
7130,U16
2598,U32
3613,U16
2737,U16
7648,U8
7110,U8
463,F32
6859,U16
7147,U8
4513,F32
1650,U8
4706,U8
5843,U8
6355,U8
3437,F32
1520,U16
1339,U16
4271,U16
5157,U8
5967,U8
2494,U8
1175,U16
3426,U8
722,U8
5680,A16
5838,U8
440,U8
2339,F32
3352,U8
4119,U16
4176,U8
4527,F32
5875,F32
4064,U8
4336,U8
4911,F32
5970,F32
3610,U16
4353,U8
5644,U32
1942,U8
6503,U8
6559,U16
7279,U8
7614,U8
1626,U8
4144,U8
4935,F32
6627,U16
194,U8
136,U16
2814,U8
2877,?32
3307,U8
5129,U8
6207,U8
6538,U16
7441,U16
386,U8
596,U8
2808,U16
156,U8
5790,F32
7631,U8
652,U16
5770,F32
7109,U64
4739,U8
2921,U16
89,U8
5712,F32
7466,A14
3296,U8
5371,U8
3908,U8
4626,U16
5057,U16
5937,U16
2513,F32
2520,U8
2967,U16
6352,F32
255,F32
1794,U8
1479,U16
4517,F32
3376,U8
3634,U8
4472,U8
4776,F32
407,F32
1881,F32
4763,F32
4622,U16
6422,F32
2757,U16
2549,U8
4229,F32
4547,U8
7593,U16
1863,F32
1374,U8
7726,F32
6497,U8
4523,U16
3434,U8
7268,F32
6616,U16
7518,U16
528,U16
3096,U16
3255,U8
6425,U8
2773,U8
1542,U8
2381,F32
4504,U8
3064,U8
2292,U16
4476,U8
2926,U16
7365,U8
292,U8
1788,U8
3360,U8
1013,F32
4294,F32
1572,U8
4194,U8
267,F32
283,F32
4635,U8
6003,U8
7180,F32
3970,U16
7603,U16
3995,U8
3385,F32
1201,U32
3345,U8
4473,U16
2487,U16
4303,F32
2528,U8
6261,U8
2797,F32
321,U8
3267,U8
7137,U16
7659,U8
1833,F32
2774,U8
2975,U16
5308,A16
272,U8
5005,U16
5700,F32
1169,U16
212,U8
4259,U8
4287,U8
5649,U8
1804,U8
4350,U8
3973,U8
1364,U16
1404,U8
4495,F32
2956,A12
4913,F32
6262,F32
2330,U8
5635,U8
1790,U8
1334,U16
1848,U8
4704,F64
5166,U32
1941,F32
1760,U8
5676,U8
5851,U16
7257,U8
111,U8
2907,U16
6066,U16
4785,U8
2878,U8
5871,U16
7623,U8
1239,U16
3967,U16
796,U8
492,U8
2663,U16
3948,U8
181,F32
4298,F32
5142,A32
1194,U8
303,F32
2871,?32
5467,U8
5586,U16
5701,U8
437,F32
2842,U8
4604,U8
6542,U16
4027,F32
5864,U16
1333,U16
3039,F32
5192,U16
7193,U8
992,U8
5854,ASCII
5699,U16
1798,U8
4534,U8
1837,U32
2751,U16
3093,U16
5632,U8
6584,U16
4936,U8
390,U8
4540,F32
2556,U8
5058,U16
452,U8
1269,U8
3395,U32
5761,U8
2318,U8
2945,U16
932,U8
5844,U8
599,F32
6130,U16
6436,F32
1793,U32
4272,U16
5011,U32
2611,A8
7724,U8
6368,U8
943,U8
516,U8
1099,F32
1073,F32
5053,U16
1390,U8
6536,U16
6084,U16
3320,A22
4774,F32
1219,U16
2531,U8
540,U8
5089,U16
562,U8
4454,U8
6380,U8
6387,U8
1610,U8
2798,U8
7155,U8
7308,U16
2542,U8
7419,U16
82,U8
965,F32
1035,F32
2676,U16
2296,U16
1243,U32
4959,F32
7363,U8
6086,U16
7159,U8
1427,U8
412,U8
4647,U16
2636,U16
4238,U8
7154,U32
7655,U8
1187,U24
529,U16
1682,U8
3195,F32
2326,U8
4084,U8
5372,A16
7697,U16
2640,U16
1600,U8
5475,U8
7433,U16
4059,F32
4369,F32
1270,U8
2628,U16
3287,A22
5534,U8
6338,F32
6366,U8
6594,U16
7370,U8
4051,F32
1286,U8
1433,U8
1938,U8
556,U8
6578,U16
1510,U16
7244,U8
3201,F32
177,F32
3637,U16
7263,U8
3960,U8
1877,U8
381,F32
2338,U8
1086,U16
1842,U8
6454,F32
348,U8
419,U16
2477,U8
4047,F32
2876,U8
7439,U16
832,U8
2289,U16
2927,U16
4230,U8
1448,U8
5883,F32
4217,F32
2377,F32
1986,U8
2985,U16
5428,A16
1370,U16
7174,U16
729,U8
617,F32
995,F32
1575,F32
1696,U8
3982,F32
6202,F32
2511,F32
6045,U16
822,U8
808,U8
5082,U16
254,U8
5532,U8
337,F32
7372,U16
3405,F32
2384,U8
3540,U8
4905,F32
3358,U8
4186,U8
1865,F32
4400,U8
3377,U8
1301,F32
4301,F32
4974,U8
5956,F32
973,F32
7638,U8
1321,U16
50,U8
1898,U8
3249,U8
6085,U16
5669,U8
3324,U8
7587,U16
7702,U16
3215,F32
4496,U8
94,U8
4664,F32
770,U16
3423,F32
4269,U8
6449,U8
4705,U8
3621,U8
7280,F32
4430,F32
2702,U16
3259,U8
4204,F64
2881,?32
4766,U8
658,U16
6034,U16
4380,U8
2370,U8
3012,U16
430,U8
4228,F64
5161,U8
6635,U16
1715,U32
507,F32
1976,U8
4129,F32
2889,?32
5584,U32
6093,U8
4558,U8
5802,F32
5544,U16
6438,F32
4416,F32
5108,U16
5764,F32
699,U8
718,U8
168,U8
7630,U8
2572,U8
5718,F32
499,U16
1905,F32
3197,F32
5537,U8
7163,U8
6416,F32
1092,U16
7134,U16
4641,U8
134,U16
1068,U8
1841,U32
309,F64
2949,U16
3248,U8
6028,U16
7231,U16
5081,U16
4224,F64
4566,U8
3046,U8
1019,U8
823,U8
5911,U16
2898,U8
4710,F32
5533,U8
1826,U8
6641,U16
1137,U16
5134,U8
4438,F32
4338,U8
1672,U8
461,F32
2968,A8
580,U8
2908,U16
3136,U8
1817,U32
2349,U8
4417,U8
4713,U16
4781,U8
6417,U8
1044,U8
18,U16
485,U32
2262,U8
2315,U8
7741,U32
4610,U8
1295,F32
2735,U16
4007,F32
3161,F32
6217,U8
7662,U8
4156,U8
161,F32
141,F32
2828,U8
4572,U8
5747,U8
1217,U16
5703,U8
4086,U8
3412,U8
2638,U16
4254,U8
5073,U32
6009,U8
453,F32
1031,U16
3631,F32
353,U16
1405,U8
2530,U8
2557,U8
3963,F32
4485,F32
5793,U8
7218,U16
1570,U8
3196,U8
3910,U8
6090,U32
1730,U8
4660,F32
2841,U32
1139,U16
2265,F32
3266,U8
2801,U16
4068,U8
4411,U8
6514,F32
2899,?32
6458,F32
7133,U16
133,U16
3372,U8
2689,U16
1244,U8
1596,U8
2961,U8
3190,U8
6075,U16
389,F32
3011,U16
3070,U8
4584,U8
2573,U8
916,U8
2644,U16
2910,U16
3018,U8
6636,U16
4004,U8
4377,F32
5630,U16
1284,U8
1761,U32
1430,U8
306,U8
4508,U16
4021,U16
4957,F32
5181,U8
4420,F32
372,U8
1394,U8
3192,U8
4177,F32
6122,U16
6209,U8
7443,U16
780,U16
3912,U16
5704,F32
4601,F32
3375,A8
6057,U16
829,U8
1474,U16
187,F32
989,U32
1410,A22
4235,F32
4477,U8
5180,A24
3059,F32
6593,U16
7601,U16
5874,U16
1763,U32
17,U16
336,U8
3351,U8
4203,U16
2866,U8
2479,F32
7704,U16
639,F32
1027,F32
1384,A22
1887,F32
3254,A22
360,U8
3901,F32
4631,U8
1834,U8
1972,U8
6044,U16
2750,U16
5961,U8
1821,U32
1549,F32
2718,U16
1742,U8
6221,U8
2787,U16
1263,U16
4447,U8
5064,U8
1241,U32
1773,U32
3363,U8
7337,U16
7377,U16
1899,U32
486,U8
234,U8
1064,U8
3230,U8
935,U8
5886,F32
583,A8
2698,U16
2739,U16
2310,U8
3251,F32
4302,U8
3330,U8
3225,F32
6529,U16
2664,U16
52,A8
400,U16
2294,U16
5905,U16
6413,U8
6255,U8
1563,F32
1025,F32
3334,U8
4792,U8
4919,F32
2493,F32
434,U16
6647,U8
4722,F32
5074,U8
7739,U32
4712,U16
4149,A8
3971,U16
6484,F32
6345,U8
4404,U8
7310,U16
4024,U8
6213,U8
6260,F32
3321,U8
976,U8
5682,U8
7730,F32
5568,F32
466,U8
334,U8
427,U8
594,U8
1859,F32
2708,U16
2713,U16
2837,U32
2893,?32
3043,F32
4012,U8
2300,U16
4786,U16
5659,U8
4535,U16
5933,U16
804,U8
4733,U16
6351,U8
10,U16
4519,U8
1147,U16
5847,U8
5175,U8
6452,F32
730,U8
3257,U8
5890,F32
2790,U8
1487,U8
2936,U16
1066,U8
4780,F32
7156,F32
278,U8
33,U16
1014,U8
1215,U16
3444,U8
788,U8
439,F32
2348,U8
3244,U8
5695,U8
595,F32
842,U8
1517,U16
107,U8
5839,ASCII
6264,U16
3168,U8
6464,F32
6586,U16
630,U8
4199,U16
5177,U8
265,F32
4560,U8
660,U16
1357,U16
2987,U32
5606,U16
3601,U8
4747,U8
4925,F32
791,U8
6414,F32
5972,F32
7169,U8
3117,F32
3302,U8
2630,U8
4123,F32
5721,U8
5825,U16
4482,U8
2646,U16
4793,F32
1289,F32
1533,U8
2257,F32
6543,U16
2009,U8
4484,U8
774,U16
1353,U16
4449,U8
3246,U8
4017,F32
7162,F32
2911,U16
4341,F32
5548,A4
498,U16
6515,U8
4655,U8
3930,U8
4249,U8
4131,F32
1395,U16
1625,U8
3990,F32
3141,F32
830,U8
5652,U16
2299,U16
6491,U8
1953,F32
5593,U16
7175,U16
5006,U16
5988,F32
1591,F32
2295,U16
1077,F32
4538,F32
3115,F32
1113,U16
1638,U8
816,U8
1456,U8
6591,U16
6569,U16
5620,U8
3442,U8
960,U8
5976,F32
5111,U8
2754,U16
197,F32
672,U16
944,U8
3280,U8
723,U8
5590,U16
1614,U8
3309,A22
3931,F32
2815,U32
399,U16
4248,F64
6499,U8
533,F32
5146,U8
5789,U8
1331,U16
531,F32
4079,F32
4980,U8
5902,U16
5565,U8
6420,F32
4500,U8
3606,U8
5869,U16
1701,U16
2004,F32
4715,U8
323,F32
6051,U16
4591,F32
5736,F32
607,F32
4060,U8
69,U8
679,U16
402,U8
7217,U16
3202,U8
1722,U8
7559,U16
7,U16
6490,F32
982,U8
4069,F32
5411,U8
3091,F32
5663,U8
5779,U16
6562,U16
330,U8
6382,U8
3913,F32
1443,U16
1820,U8
589,F32
1582,U8
2325,U8
789,U8
7708,U16
7629,U8
657,U16
6039,U16
578,U8
1567,F32
1669,F32
2010,U8
1694,U16
3911,U16
1828,U8
1023,F32
2674,U8
474,U8
7108,U8
6378,U8
6545,U16
5077,U32
827,U8
847,U16
738,U8
2314,U8
3038,U8
4665,U8
5094,U16
5122,U8
1074,U8
4327,F32
4983,F32
5100,U8
5638,U16
7663,U8
7710,U8
3158,U8
3210,A16
2686,U16
3989,U8
1337,U16
1752,U8
1643,F32
1632,U8
5547,U8
6248,F32
118,U8
6444,F32
6554,U16
4595,F32
4110,U8
6860,U32
3413,F32
6033,U16
1912,U8
1724,U8
958,U8
7256,F32
1409,U16
6083,U16
6014,F32
4167,U8
14,U16
231,F32
3090,U8
1651,F32
2920,U16
2930,U16
3962,U8
1179,U16
1870,U8
3316,U8
3353,A22
5347,U8
5824,U8
7589,U16
1033,U16
3250,U8
5007,U16
5539,U8
1639,F32
3134,U8
4443,U8
4711,U8
6117,U16
2603,U16
2730,U16
586,U8
1653,F32
1641,F32
784,U8
4161,F32
4921,F32
433,U16
3965,U16
5185,U8
3068,U8
1496,U8
3238,U8
6384,U8
7246,U32
6125,U16
6637,U16
6500,F32
436,U8
1796,U8
5009,U16
5731,U8
6062,U16
451,F32
3111,F32
7707,U16
4700,U8
1755,U32
5735,U8
5137,U8
2,U16
1508,U16
2535,U8
5709,U8
6607,U16
7317,U16
5733,U8
5979,U8
3152,U8
3099,U16
6230,F32
75,U8
4904,U8
1888,U8
4393,U32
4212,F64
2992,U8
4741,U8
7350,U16
252,U8
4562,U8
6474,F32
1818,U8
1174,U16
1134,U16
5960,F32
6121,U16
1041,F32
4102,U8
1962,U8
6250,F32
950,U8
1477,U16
1857,U32
6510,F32
7742,U8
61,U8
2744,U16
3639,U8
7227,U16
2380,U8
297,U16
3288,U8
3946,U8
1324,U16
2691,U16
3987,U8
2868,U8
5182,U8
7561,U16
5930,U16
4163,U16
6553,U16
1259,F32
438,U8
4139,F32
619,U16
921,F32
1054,U8
4456,U8
4992,U8
1428,U8
4909,F32
144,U8
6235,U8
3002,U16
1445,U16
77,U8
3101,F32
7152,F32
732,U8
5623,U8
532,U8
3295,U8
3432,U8
201,F32
5529,U8
7124,U16
7592,U16
1378,U8
251,F32
1829,U16
6383,F32
5048,U16
5126,U16
2809,U16
4982,U8
1381,U8
7210,U16
7356,U8
2340,U8
5899,U16
1945,F32
716,U8
2607,A8
362,U16
1958,U8
1687,F32
7669,U8
276,U8
764,U16
2590,U8
1129,U16
4899,U8
5910,U16
4052,U8
2839,U32
1476,U8
7142,U8
810,U8
2366,U8
1923,F32
708,U8
4245,F32
5810,F32
5642,U16
4444,F32
1423,A22
1190,U8
7358,U8
4133,F32
5419,U8
2861,?32
2935,U16
4943,F32
288,U8
358,U8
6611,U16
1320,U16
6236,F32
4567,F32
5929,U16
3922,U8
5379,U8
4596,U8
5815,U8
1225,F32
1447,F32
202,U8
724,U8
1920,U8
6608,U16
2331,F32
942,U8
1132,U16
7381,U16
4166,F32
2478,U16
403,F32
4137,F32
6032,U16
4783,U8
1221,U16
183,F32
7269,U8
3918,U8
7273,U8
7715,U16
21,U16
644,U8
4122,U8
4120,U16
2900,U8
1723,U32
4614,U8
6563,U16
1644,U8
5865,U16
1128,U16
4410,U32
5741,U8
5689,U8
2620,U16
5781,U8
6060,U16
3200,U8
6112,U16
6375,F32
991,F32
3144,U8
4436,U16
7190,F32
3627,U8
1528,U8
3098,U8
247,F32
792,U8
477,U32
1003,F32
1277,F32
1045,F32
3074,U8
1151,U16
5797,U8
6427,U8
5619,U8
1130,U16
7258,F32
200,U8
3988,F32
5052,U16
5591,U16
7346,U16
4251,U8
7357,U8
1782,U8
1615,F32
4554,U16
2938,U16
4988,U16
244,U8
6200,U16
44,U16
640,U8
4805,U8
6488,F32
73,U8
6089,U8
2707,U16
6256,F32
2592,U8
401,F32
563,U16
298,A8
1719,U16
4343,U8
7701,U16
4962,U16
415,F32
728,U8
154,U8
5739,U8
7343,U16
102,U8
2379,F32
838,U8
4300,U16
4501,F32
1721,F32
1124,U16
2918,U16
3024,U8
4586,U8
417,F32
4094,U8
503,F32
268,U8
1489,A32
2589,U8
4450,U16
4367,F32
2558,U8
374,U8
4632,F32
4750,U8
4550,U16
5803,U8
354,U16
1306,U8
6041,U16
6520,F32
3332,U8
4299,U8
6528,U16
346,U8
2335,F32
2632,U8
835,U8
355,F32
1237,U16
3258,U8
5605,U16
6576,U16
76,U8
5964,F32
6251,U8
5387,U8
3278,U8
3993,U8
6603,U16
1466,U16
1067,F32
4095,F32
4226,U8
1016,U8
2833,U16
2297,U16
4525,F32
5690,U8
184,U8
416,U8
2286,U16
572,U8
226,U8
2308,U8
3337,U8
2509,F32
7141,U8
1607,F32
1280,U8
6590,U16
7607,U16
913,F32
4939,F32
7660,U8
7665,U8
5576,U16
4252,F64
2695,U16
4948,U8
1468,U16
3417,F32
4058,U8
1110,U8
5145,U8
216,U8
2693,U16
6633,U16
7203,U8
1901,U32
3140,U8
3346,U8
4339,F32
6208,F32
5167,U8
4804,U32
1717,U16
1143,U8
3271,U8
5876,U8
5900,U16
7209,U16
3073,F32
185,F32
2643,U16
6278,U8
5653,U16
1383,U16
4536,U16
1770,U8
711,U8
3899,U8
6570,U16
4233,F32
7359,U8
4358,U8
3108,U8
715,U8
1493,U8
1764,U8
2550,U8
6104,U8
2851,?32
1853,U32
1472,U16
3107,F32
6552,U16
5162,U16
1020,U8
7732,U16
554,U8
911,U8
3915,F32
1318,U16
1700,U8
36,U16
16,U16
618,U8
741,U8
1791,U32
1913,F32
915,F32
2625,U32
4657,U8
5816,F32
6532,U16
6548,U16
3078,U8
526,U8
4544,F32
4681,U16
846,U8
5688,A16
1467,U16
444,U8
1548,U8
2524,U8
56,A8
4002,U8
4582,U8
5867,U16
6579,U16
3129,F32
1937,F32
1952,U8
4483,F32
198,U8
6424,F32
581,F32
6861,U8
2517,F32
5055,U16
7266,F32
7275,U8
3208,U8
7597,U16
5553,U8
218,U8
3032,U8
1849,U32
1159,F32
3125,F32
5628,U8
7247,U8
7671,U8
6229,U8
7432,U16
1051,U16
2307,U8
4570,U8
1995,U8
1440,U8
1469,U16
3955,F32
7262,F32
548,U8
1411,U8
314,U16
1979,F32
2491,U16
1656,U8
4372,U8
4048,U8
936,U8
4386,U8
717,U8
4385,F32
1389,U8
1808,U8
2333,F32
2363,F32
3007,U16
4107,F32
2955,U8
4796,F32
6415,U8
1984,U8
2853,?32
4196,U8
6081,U8
3421,U16
7132,U16
577,F32
994,U8
7686,U16
702,U8
4256,F64
2534,U8
3281,U8
6540,U16
5165,U16
279,F32
4938,U8
4985,F32
1080,U8
4946,U8
1928,U8
4760,U8
35,U16
1847,F32
3325,U8
5143,U8
5654,ASCII
3241,F32
6555,U16
320,U8
3322,U8
4522,U16
5151,U8
5760,U32
634,U8
6340,F32
1658,U8
1037,F32
1830,U16
7632,U8
2357,U8
5873,U16
6376,U8
6408,F32
967,F32
1967,F32
1488,U16
109,U8
2741,U16
2960,U8
3014,U16
5982,F32
5555,U8
6646,U16
7613,U8
3189,F32
7664,U8
1667,F32
6513,U8
6481,U8
6218,U8
2544,U8
1328,U16
6405,U8
3311,U8
1807,U32
5765,U8
1161,U16
248,U8
2631,U32
4005,F32
1926,U16
4671,U8
327,F32
5110,U8
744,U8
620,U16
1136,U16
296,U16
4101,F32
5323,U8
5598,U16
5860,U8
6226,F32
4553,U16
285,F32
2613,U8
260,U8
4549,U8
4937,F32
7226,U16
1729,U32
145,F32
5658,U8
5581,U16
6071,U16
7151,U8
5792,F32
1787,U32
5862,U8
1553,F32
2703,U16
487,U32
3399,U32
2323,U8
5127,A22
3023,F32
4606,U8
1969,F32
2319,U8
1562,U8
2758,U16
1282,U8
2749,U16
5112,U8
1162,U16
5444,A16
5686,U8
5998,F32
656,U16
2583,U8
6342,F32
1619,F32
6565,U16
6605,U16
2803,U16
4412,U32
6231,U8
5660,U8
4390,U8
7667,U8
4924,U8
646,U8
752,U16
78,U8
3113,F32
4207,F32
1281,F32
4405,U16
794,U8
5412,A16
2991,F32
4593,F32
5877,U16
6076,U16
1573,F32
2633,U16
6347,U8
87,U8
7198,F32
4006,U8
1835,F32
5588,U16
7253,U8
7378,U16
5190,U8
6070,U16
4977,F32
5102,U16
1350,U16
1218,U16
4725,U8
779,U16
382,U8
6525,U16
365,U16
825,U8
3615,U16
785,U8
4954,U8
4721,U8
5549,U8
6531,U16
756,U16
2540,U8
4318,U8
4650,F32
239,F32
5767,U8
638,U8
843,U8
1855,F32
40,U16
7167,U8
520,U8
2565,U32
315,U32
1079,F32
2342,U8
500,U16
3028,U8
4,U16
1727,U32
2990,U8
3350,U8
2361,F32
2892,U8
2662,U16
480,U8
1674,U8
3030,U8
4459,F32
4679,F32
4917,F32
5776,F32
7330,U16
7652,U8
1304,U8
1450,U8
4169,U8
4506,U8
6518,F32
2879,?32
4726,F32
1783,U32
4001,F32
53,U8
1180,U16
1527,U8
3237,F32
2547,U8
4136,U8
3430,U8
339,F32
1437,U16
4629,U8
4691,U8
5597,U16
5762,F32
5880,U8
6374,U8
6426,F32
2353,U16
2507,F32
4157,F32
2350,U8
5925,U16
625,U16
6068,U16
509,F32
6462,F32
4332,U8
3398,U16
2743,U16
6521,U8
143,F32
7202,F32
1457,F32
2904,U8
5828,U8
310,U8
3264,U8
3408,U8
1475,U32
3173,U16
3184,U8
1534,U8
5569,U8
7171,U16
527,U16
815,U8
4073,F32
180,U8
2563,U32
534,U8
518,U8
4080,U8
3410,U8
235,F32
1649,F32
5631,U32
2264,U8
1463,F32
1525,U8
1111,F32
1757,U32
1298,U8
220,U8
1631,F32
2660,U8
4078,U8
552,U8
341,F32
521,U16
4174,U16
4423,U8
828,U8
3403,F32
237,F32
335,F32
4533,F32
5538,U8
1200,U16
1206,U8
1918,U8
224,U8
3994,F32
3942,U8
972,U8
123,U8
2857,?32
737,U8
2792,U8
4374,U8
4717,U8
5083,U16
5708,F32
7658,U8
229,F32
2786,U8
1583,F32
4990,U16
6114,U16
6558,U16
7211,U16
3,U16
7241,A8
5693,U8
4056,U8
5541,U8
6507,U8
4331,F32
6212,F32
4185,F32
115,U8
5144,U8
5985,U8
7339,U16
2554,U8
106,U8
1925,U16
575,U8
2376,U8
2954,U8
763,U16
5084,U16
5156,U8
5720,F32
1490,U8
405,F32
1109,F32
4727,U8
765,U16
1955,F32
5602,U16
6050,U16
137,U16
5888,F32
233,F32
970,U8
2885,?32
1058,U8
5000,U16
3433,F32
5697,U16
5665,U16
1684,U8
2864,U8
6463,U8
6523,U16
7116,U16
1480,U8
1975,F32
1185,U16
5950,U32
5300,A16
32,U16
4770,U8
6556,U16
5613,U8
2626,U8
39,U16
2624,U16
1590,U8
1948,U8
2365,F32
379,F32
157,F32
1903,U32
2327,F32
2822,U8
3318,U8
4077,F32
4132,U8
4266,U8
4915,F32
5427,U8
5805,U8
1846,U8
6455,U8
280,U8
1781,U32
641,F32
5566,F32
6610,U16
3015,U16
1657,F32
4041,F32
2274,U16
1024,U8
3310,U8
3411,F32
1699,F32
781,U16
3630,U8
2608,U8
2727,U16
5738,F32
5954,F32
2732,U16
1492,U8
1731,F32
5147,U8
2971,U8
2761,U16
1060,U16
937,U8
6109,U32
7611,U16
3623,U8
4537,U16
193,F32
6517,U8
5,U16
4598,U8
6620,U16
2995,F32
311,U8
4376,U8
1934,U8
37,U16
931,U8
3077,F32
4620,F32
4688,F32
1959,F32
5114,U8
34,U16
1988,U8
1592,U8
4239,F32
4615,U16
6096,U8
5984,F32
6369,F32
2259,F32
3072,U8
281,F32
705,U8
3159,F32
6418,F32
1098,U8
5140,U16
7111,U8
4146,U8
1702,U16
3635,F32
1595,U8
1620,U8
2599,U8
4179,F32
6612,U16
2852,U8
345,F32
429,U8
1809,U32
3022,U8
1167,U16
5557,U8
4128,U8
4232,F64
3614,U16
3975,U8
522,U16
3985,U8
4474,A8
5559,U8
1149,U16
1779,U32
7123,U16
4039,F32
1382,U16
1822,U8
7232,U16
1345,U32
2648,U8
5324,A16
4493,F32
4636,F32
3905,U8
2597,U16
1746,U8
5564,F32
588,U16
3102,U8
3315,U8
4701,U16
4999,U16
3166,U8
6036,U16
6363,U8
2552,U8
4210,U8
71,U8
165,F32
3983,U8
1213,U32
4940,U8
3143,F32
1274,U8
6007,U8
7341,U16
597,F32
2373,F32
7642,U8
3611,U16
2989,F32
6575,U16
3531,U8
2705,U16
4227,F32
431,U8
7168,F32
2480,U8
6341,U8
4112,U8
831,U8
4507,U16
7368,U8
3532,U8
706,U8
4764,U8
5508,A16
1451,F32
1029,F32
1191,F32
4402,U8
4951,F32
5814,F32
517,F32
4250,U8
1458,U8
1882,U8
1415,U8
131,U16
3000,U16
4984,U8
2829,F32
261,F32
1568,U8
3128,U8
4809,U8
5563,U8
7332,U16
4362,U8
1078,U8
1264,U16
1831,F32
6056,U16
2988,U8
1624,U8
1635,F32
3286,U8
1970,U8
4304,U8
4370,U8
917,F32
3049,F32
1038,U8
4125,A8
1100,U8
4784,F32
6099,A14
6412,F32
7119,U16
7182,F32
7675,U8
1251,U16
2499,F32
4956,U8
7696,U16
7179,U8
86,U8
1028,U8
2593,U8
2577,U32
6508,F32
7230,U16
2559,U16
1249,U32
6133,U8
1189,F32
4067,F32
116,U8
1400,U8
1832,U8
4732,U16
675,U16
5191,U8
4987,U16
7131,U16
178,U8
1152,U16
4282,F64
6268,U8
662,U16
4669,U8
7113,U16
4511,F32
4221,F32
4903,F32
7713,U16
1850,U8
3052,U8
4458,U8
1890,U8
3969,U16
3105,F32
7115,U16
7128,U16
6201,U16
5093,U16
5973,U8
1452,U8
4155,F32
1288,U8
2298,U16
3391,F32
6386,U8
3205,F32
5575,U8
1307,F32
4599,F32
6065,U16
6642,U16
5924,U8
5996,F32
766,U16
5159,u16
628,U8
3224,U8
6211,U8
7600,U16
5594,U16
4291,U8
6629,U16
92,U8
6448,F32
4257,U8
1824,U8
975,F32
1688,U8
2696,U16
6421,U8
6502,F32
3164,U8
7740,U8
929,U16
7106,U16
3142,U8
7281,U8
3223,F32
470,U8
1593,F32
4037,F32
4407,U16
5850,U8
6437,U8
236,U8
4514,U8
6115,U16
5799,U8
1772,U8
495,U32
